,movie,years,imdb,metascore,votes,n_imdb
0,Star Wars: Episode VII - The Force Awakens,2015,8.0,81,783413,80.0
1,Mad Max: Fury Road,2015,8.1,90,778734,81.0
2,The Martian,2015,8.0,80,678058,80.0
3,Avengers: Age of Ultron,2015,7.3,66,662573,73.0
4,The Revenant,2015,8.0,76,619126,80.0
5,Jurassic World,2015,7.0,59,538213,70.0
6,Inside Out,2015,8.2,94,534349,82.0
7,Ant-Man,2015,7.3,64,498791,73.0
8,The Hateful Eight,2015,7.8,68,433280,78.0
9,Spotlight,2015,8.1,93,363950,81.0
10,Spectre,2015,6.8,60,351942,68.0
11,Furious 7,2015,7.2,67,334529,72.0
12,Sicario,2015,7.6,82,327712,76.0
13,Room,2015,8.2,86,315511,82.0
14,Mission: Impossible - Rogue Nation,2015,7.4,75,310875,74.0
15,The Big Short,2015,7.8,81,308329,78.0
16,Fifty Shades of Grey,2015,4.1,46,278691,41.0
17,Bridge of Spies,2015,7.6,81,262521,76.0
18,The Hunger Games: Mockingjay - Part 2,2015,6.6,65,251597,66.0
19,The Man from U.N.C.L.E.,2015,7.3,56,240075,73.0
20,Terminator Genisys,2015,6.4,38,233728,64.0
21,Creed,2015,7.6,82,224036,76.0
22,Spy,2015,7.0,75,213620,70.0
23,Chappie,2015,6.8,41,213401,68.0
24,Maze Runner: The Scorch Trials,2015,6.3,43,200689,63.0
25,Southpaw,2015,7.4,57,199446,74.0
26,Insurgent,2015,6.2,42,199334,62.0
27,Minions,2015,6.4,56,193454,64.0
28,San Andreas,2015,6.1,43,192256,61.0
29,Focus,2015,6.6,56,191832,66.0
30,The Intern,2015,7.1,51,191118,71.0
31,The Lobster,2015,7.1,82,181934,71.0
32,Everest,2015,7.1,64,180835,71.0
33,Jupiter Ascending,2015,5.3,40,166120,53.0
34,Ted 2,2015,6.3,48,165365,63.0
35,Straight Outta Compton,2015,7.9,72,165028,79.0
36,Tomorrowland,2015,6.4,60,161134,64.0
37,Black Mass,2015,6.9,68,155624,69.0
38,The Witch,2015,6.8,83,153359,68.0
39,The Danish Girl,2015,7.1,66,146554,71.0
40,Cinderella,2015,6.9,67,142199,69.0
41,Fantastic Four,2015,4.3,27,139860,43.0
42,The Age of Adaline,2015,7.2,51,138670,72.0
43,Legend,2015,7.0,55,138595,70.0
44,Star Wars: Episode VII - The Force Awakens,2015,8.0,81,783413,80.0
45,Mad Max: Fury Road,2015,8.1,90,778734,81.0
46,The Martian,2015,8.0,80,678058,80.0
47,Avengers: Age of Ultron,2015,7.3,66,662573,73.0
48,The Revenant,2015,8.0,76,619126,80.0
49,Jurassic World,2015,7.0,59,538213,70.0
50,Inside Out,2015,8.2,94,534349,82.0
51,Ant-Man,2015,7.3,64,498791,73.0
52,The Hateful Eight,2015,7.8,68,433280,78.0
53,Spotlight,2015,8.1,93,363950,81.0
54,Spectre,2015,6.8,60,351942,68.0
55,Furious 7,2015,7.2,67,334529,72.0
56,Sicario,2015,7.6,82,327712,76.0
57,Room,2015,8.2,86,315511,82.0
58,Mission: Impossible - Rogue Nation,2015,7.4,75,310875,74.0
59,The Big Short,2015,7.8,81,308329,78.0
60,Fifty Shades of Grey,2015,4.1,46,278691,41.0
61,Bridge of Spies,2015,7.6,81,262521,76.0
62,The Hunger Games: Mockingjay - Part 2,2015,6.6,65,251597,66.0
63,The Man from U.N.C.L.E.,2015,7.3,56,240075,73.0
64,Terminator Genisys,2015,6.4,38,233728,64.0
65,Creed,2015,7.6,82,224036,76.0
66,Spy,2015,7.0,75,213620,70.0
67,Chappie,2015,6.8,41,213401,68.0
68,Maze Runner: The Scorch Trials,2015,6.3,43,200689,63.0
69,Southpaw,2015,7.4,57,199446,74.0
70,Insurgent,2015,6.2,42,199334,62.0
71,Minions,2015,6.4,56,193454,64.0
72,San Andreas,2015,6.1,43,192256,61.0
73,Focus,2015,6.6,56,191832,66.0
74,The Intern,2015,7.1,51,191118,71.0
75,The Lobster,2015,7.1,82,181934,71.0
76,Everest,2015,7.1,64,180835,71.0
77,Jupiter Ascending,2015,5.3,40,166120,53.0
78,Ted 2,2015,6.3,48,165365,63.0
79,Straight Outta Compton,2015,7.9,72,165028,79.0
80,Tomorrowland,2015,6.4,60,161134,64.0
81,Black Mass,2015,6.9,68,155624,69.0
82,The Witch,2015,6.8,83,153359,68.0
83,The Danish Girl,2015,7.1,66,146554,71.0
84,Cinderella,2015,6.9,67,142199,69.0
85,Fantastic Four,2015,4.3,27,139860,43.0
86,The Age of Adaline,2015,7.2,51,138670,72.0
87,Legend,2015,7.0,55,138595,70.0
88,Star Wars: Episode VII - The Force Awakens,2015,8.0,81,783413,80.0
89,Mad Max: Fury Road,2015,8.1,90,778734,81.0
90,The Martian,2015,8.0,80,678058,80.0
91,Avengers: Age of Ultron,2015,7.3,66,662573,73.0
92,The Revenant,2015,8.0,76,619126,80.0
93,Jurassic World,2015,7.0,59,538213,70.0
94,Inside Out,2015,8.2,94,534349,82.0
95,Ant-Man,2015,7.3,64,498791,73.0
96,The Hateful Eight,2015,7.8,68,433280,78.0
97,Spotlight,2015,8.1,93,363950,81.0
98,Spectre,2015,6.8,60,351942,68.0
99,Furious 7,2015,7.2,67,334529,72.0
100,Sicario,2015,7.6,82,327712,76.0
101,Room,2015,8.2,86,315511,82.0
102,Mission: Impossible - Rogue Nation,2015,7.4,75,310875,74.0
103,The Big Short,2015,7.8,81,308329,78.0
104,Fifty Shades of Grey,2015,4.1,46,278691,41.0
105,Bridge of Spies,2015,7.6,81,262521,76.0
106,The Hunger Games: Mockingjay - Part 2,2015,6.6,65,251597,66.0
107,The Man from U.N.C.L.E.,2015,7.3,56,240075,73.0
108,Terminator Genisys,2015,6.4,38,233728,64.0
109,Creed,2015,7.6,82,224036,76.0
110,Spy,2015,7.0,75,213620,70.0
111,Chappie,2015,6.8,41,213401,68.0
112,Maze Runner: The Scorch Trials,2015,6.3,43,200689,63.0
113,Southpaw,2015,7.4,57,199446,74.0
114,Insurgent,2015,6.2,42,199334,62.0
115,Minions,2015,6.4,56,193454,64.0
116,San Andreas,2015,6.1,43,192256,61.0
117,Focus,2015,6.6,56,191832,66.0
118,The Intern,2015,7.1,51,191118,71.0
119,The Lobster,2015,7.1,82,181934,71.0
120,Everest,2015,7.1,64,180835,71.0
121,Jupiter Ascending,2015,5.3,40,166120,53.0
122,Ted 2,2015,6.3,48,165365,63.0
123,Straight Outta Compton,2015,7.9,72,165028,79.0
124,Tomorrowland,2015,6.4,60,161134,64.0
125,Black Mass,2015,6.9,68,155624,69.0
126,The Witch,2015,6.8,83,153359,68.0
127,The Danish Girl,2015,7.1,66,146554,71.0
128,Cinderella,2015,6.9,67,142199,69.0
129,Fantastic Four,2015,4.3,27,139860,43.0
130,The Age of Adaline,2015,7.2,51,138670,72.0
131,Legend,2015,7.0,55,138595,70.0
132,Star Wars: Episode VII - The Force Awakens,2015,8.0,81,783413,80.0
133,Mad Max: Fury Road,2015,8.1,90,778734,81.0
134,The Martian,2015,8.0,80,678058,80.0
135,Avengers: Age of Ultron,2015,7.3,66,662573,73.0
136,The Revenant,2015,8.0,76,619126,80.0
137,Jurassic World,2015,7.0,59,538213,70.0
138,Inside Out,2015,8.2,94,534349,82.0
139,Ant-Man,2015,7.3,64,498791,73.0
140,The Hateful Eight,2015,7.8,68,433280,78.0
141,Spotlight,2015,8.1,93,363950,81.0
142,Spectre,2015,6.8,60,351942,68.0
143,Furious 7,2015,7.2,67,334529,72.0
144,Sicario,2015,7.6,82,327712,76.0
145,Room,2015,8.2,86,315511,82.0
146,Mission: Impossible - Rogue Nation,2015,7.4,75,310875,74.0
147,The Big Short,2015,7.8,81,308329,78.0
148,Fifty Shades of Grey,2015,4.1,46,278691,41.0
149,Bridge of Spies,2015,7.6,81,262521,76.0
150,The Hunger Games: Mockingjay - Part 2,2015,6.6,65,251597,66.0
151,The Man from U.N.C.L.E.,2015,7.3,56,240075,73.0
152,Terminator Genisys,2015,6.4,38,233728,64.0
153,Creed,2015,7.6,82,224036,76.0
154,Spy,2015,7.0,75,213620,70.0
155,Chappie,2015,6.8,41,213401,68.0
156,Maze Runner: The Scorch Trials,2015,6.3,43,200689,63.0
157,Southpaw,2015,7.4,57,199446,74.0
158,Insurgent,2015,6.2,42,199334,62.0
159,Minions,2015,6.4,56,193454,64.0
160,San Andreas,2015,6.1,43,192256,61.0
161,Focus,2015,6.6,56,191832,66.0
162,The Intern,2015,7.1,51,191118,71.0
163,The Lobster,2015,7.1,82,181934,71.0
164,Everest,2015,7.1,64,180835,71.0
165,Jupiter Ascending,2015,5.3,40,166120,53.0
166,Ted 2,2015,6.3,48,165365,63.0
167,Straight Outta Compton,2015,7.9,72,165028,79.0
168,Tomorrowland,2015,6.4,60,161134,64.0
169,Black Mass,2015,6.9,68,155624,69.0
170,The Witch,2015,6.8,83,153359,68.0
171,The Danish Girl,2015,7.1,66,146554,71.0
172,Cinderella,2015,6.9,67,142199,69.0
173,Fantastic Four,2015,4.3,27,139860,43.0
174,The Age of Adaline,2015,7.2,51,138670,72.0
175,Legend,2015,7.0,55,138595,70.0
176,Star Wars: Episode VII - The Force Awakens,2015,8.0,81,783413,80.0
177,Mad Max: Fury Road,2015,8.1,90,778734,81.0
178,The Martian,2015,8.0,80,678058,80.0
179,Avengers: Age of Ultron,2015,7.3,66,662573,73.0
180,The Revenant,2015,8.0,76,619126,80.0
181,Jurassic World,2015,7.0,59,538213,70.0
182,Inside Out,2015,8.2,94,534349,82.0
183,Ant-Man,2015,7.3,64,498791,73.0
184,The Hateful Eight,2015,7.8,68,433280,78.0
185,Spotlight,2015,8.1,93,363950,81.0
186,Spectre,2015,6.8,60,351942,68.0
187,Furious 7,2015,7.2,67,334529,72.0
188,Sicario,2015,7.6,82,327712,76.0
189,Room,2015,8.2,86,315511,82.0
190,Mission: Impossible - Rogue Nation,2015,7.4,75,310875,74.0
191,The Big Short,2015,7.8,81,308329,78.0
192,Fifty Shades of Grey,2015,4.1,46,278691,41.0
193,Bridge of Spies,2015,7.6,81,262521,76.0
194,The Hunger Games: Mockingjay - Part 2,2015,6.6,65,251597,66.0
195,The Man from U.N.C.L.E.,2015,7.3,56,240075,73.0
196,Terminator Genisys,2015,6.4,38,233728,64.0
197,Creed,2015,7.6,82,224036,76.0
198,Spy,2015,7.0,75,213620,70.0
199,Chappie,2015,6.8,41,213401,68.0
200,Maze Runner: The Scorch Trials,2015,6.3,43,200689,63.0
201,Southpaw,2015,7.4,57,199446,74.0
202,Insurgent,2015,6.2,42,199334,62.0
203,Minions,2015,6.4,56,193454,64.0
204,San Andreas,2015,6.1,43,192256,61.0
205,Focus,2015,6.6,56,191832,66.0
206,The Intern,2015,7.1,51,191118,71.0
207,The Lobster,2015,7.1,82,181934,71.0
208,Everest,2015,7.1,64,180835,71.0
209,Jupiter Ascending,2015,5.3,40,166120,53.0
210,Ted 2,2015,6.3,48,165365,63.0
211,Straight Outta Compton,2015,7.9,72,165028,79.0
212,Tomorrowland,2015,6.4,60,161134,64.0
213,Black Mass,2015,6.9,68,155624,69.0
214,The Witch,2015,6.8,83,153359,68.0
215,The Danish Girl,2015,7.1,66,146554,71.0
216,Cinderella,2015,6.9,67,142199,69.0
217,Fantastic Four,2015,4.3,27,139860,43.0
218,The Age of Adaline,2015,7.2,51,138670,72.0
219,Legend,2015,7.0,55,138595,70.0
220,Deadpool,2016,8.0,65,818055,80.0
221,Captain America: Civil War,2016,7.8,75,580643,78.0
222,Batman v Superman: Dawn of Justice,2016,6.5,44,575684,65.0
223,Suicide Squad,2016,6.0,40,531325,60.0
224,Arrival,2016,7.9,81,513167,79.0
225,Doctor Strange,2016,7.5,72,511799,75.0
226,Rogue One: A Star Wars Story,2016,7.8,65,476979,78.0
227,La La Land,2016,8.0,93,433819,80.0
228,Zootopia,2016,8.0,78,382044,80.0
229,Hacksaw Ridge,2016,8.1,71,365404,81.0
230,Fantastic Beasts and Where to Find Them,2016,7.3,66,364238,73.0
231,Split,2016,7.3,62,356199,73.0
232,X-Men: Apocalypse,2016,7.0,52,353881,70.0
233,Passengers,2016,7.0,41,310102,70.0
234,10 Cloverfield Lane,2016,7.2,76,259745,72.0
235,The Jungle Book,2016,7.4,77,240402,74.0
236,The Nice Guys,2016,7.4,70,239567,74.0
237,The Accountant,2016,7.3,51,232488,73.0
238,Moonlight,2016,7.4,99,227014,74.0
239,Warcraft: The Beginning,2016,6.9,32,225162,69.0
240,Moana,2016,7.6,81,223313,76.0
241,Now You See Me 2,2016,6.5,46,215503,65.0
242,Manchester by the Sea,2016,7.8,96,213965,78.0
243,Finding Dory,2016,7.3,77,212883,73.0
244,Star Trek Beyond,2016,7.1,68,209375,71.0
245,Nocturnal Animals,2016,7.5,67,204616,75.0
246,Sully,2016,7.5,74,202012,75.0
247,The Conjuring 2,2016,7.4,65,193753,74.0
248,Jason Bourne,2016,6.6,58,190205,66.0
249,Ghostbusters,2016,5.2,60,186307,52.0
250,Don't Breathe,2016,7.1,71,186147,71.0
251,Lion,2016,8.1,69,181032,81.0
252,Hell or High Water,2016,7.6,88,175879,76.0
253,Me Before You,2016,7.4,51,173584,74.0
254,Hidden Figures,2016,7.8,74,170646,78.0
255,The Magnificent Seven,2016,6.9,54,168159,69.0
256,Assassin's Creed,2016,5.8,36,166684,58.0
257,The Promise,2016,6.1,49,164507,61.0
258,The Secret Life of Pets,2016,6.5,61,160938,65.0
259,Captain Fantastic,2016,7.9,72,158861,79.0
260,Sausage Party,2016,6.2,66,158756,62.0
261,Independence Day: Resurgence,2016,5.2,32,155028,52.0
262,War Dogs,2016,7.1,57,153602,71.0
263,The Girl on the Train,2016,6.5,48,150425,65.0
264,The Legend of Tarzan,2016,6.3,44,149795,63.0
265,Miss Peregrine's Home for Peculiar Children,2016,6.7,57,140298,67.0
266,Inferno,2016,6.2,42,138607,62.0
267,Deadpool,2016,8.0,65,818055,80.0
268,Captain America: Civil War,2016,7.8,75,580643,78.0
269,Batman v Superman: Dawn of Justice,2016,6.5,44,575684,65.0
270,Suicide Squad,2016,6.0,40,531325,60.0
271,Arrival,2016,7.9,81,513167,79.0
272,Doctor Strange,2016,7.5,72,511799,75.0
273,Rogue One: A Star Wars Story,2016,7.8,65,476979,78.0
274,La La Land,2016,8.0,93,433819,80.0
275,Zootopia,2016,8.0,78,382044,80.0
276,Hacksaw Ridge,2016,8.1,71,365404,81.0
277,Fantastic Beasts and Where to Find Them,2016,7.3,66,364238,73.0
278,Split,2016,7.3,62,356199,73.0
279,X-Men: Apocalypse,2016,7.0,52,353881,70.0
280,Passengers,2016,7.0,41,310102,70.0
281,10 Cloverfield Lane,2016,7.2,76,259745,72.0
282,The Jungle Book,2016,7.4,77,240402,74.0
283,The Nice Guys,2016,7.4,70,239567,74.0
284,The Accountant,2016,7.3,51,232488,73.0
285,Moonlight,2016,7.4,99,227014,74.0
286,Warcraft: The Beginning,2016,6.9,32,225162,69.0
287,Moana,2016,7.6,81,223313,76.0
288,Now You See Me 2,2016,6.5,46,215503,65.0
289,Manchester by the Sea,2016,7.8,96,213965,78.0
290,Finding Dory,2016,7.3,77,212883,73.0
291,Star Trek Beyond,2016,7.1,68,209375,71.0
292,Nocturnal Animals,2016,7.5,67,204616,75.0
293,Sully,2016,7.5,74,202012,75.0
294,The Conjuring 2,2016,7.4,65,193753,74.0
295,Jason Bourne,2016,6.6,58,190205,66.0
296,Ghostbusters,2016,5.2,60,186307,52.0
297,Don't Breathe,2016,7.1,71,186147,71.0
298,Lion,2016,8.1,69,181032,81.0
299,Hell or High Water,2016,7.6,88,175879,76.0
300,Me Before You,2016,7.4,51,173584,74.0
301,Hidden Figures,2016,7.8,74,170646,78.0
302,The Magnificent Seven,2016,6.9,54,168159,69.0
303,Assassin's Creed,2016,5.8,36,166684,58.0
304,The Promise,2016,6.1,49,164507,61.0
305,The Secret Life of Pets,2016,6.5,61,160938,65.0
306,Captain Fantastic,2016,7.9,72,158861,79.0
307,Sausage Party,2016,6.2,66,158756,62.0
308,Independence Day: Resurgence,2016,5.2,32,155028,52.0
309,War Dogs,2016,7.1,57,153602,71.0
310,The Girl on the Train,2016,6.5,48,150425,65.0
311,The Legend of Tarzan,2016,6.3,44,149795,63.0
312,Miss Peregrine's Home for Peculiar Children,2016,6.7,57,140298,67.0
313,Inferno,2016,6.2,42,138607,62.0
314,Deadpool,2016,8.0,65,818055,80.0
315,Captain America: Civil War,2016,7.8,75,580643,78.0
316,Batman v Superman: Dawn of Justice,2016,6.5,44,575684,65.0
317,Suicide Squad,2016,6.0,40,531325,60.0
318,Arrival,2016,7.9,81,513167,79.0
319,Doctor Strange,2016,7.5,72,511799,75.0
320,Rogue One: A Star Wars Story,2016,7.8,65,476979,78.0
321,La La Land,2016,8.0,93,433819,80.0
322,Zootopia,2016,8.0,78,382044,80.0
323,Hacksaw Ridge,2016,8.1,71,365404,81.0
324,Fantastic Beasts and Where to Find Them,2016,7.3,66,364238,73.0
325,Split,2016,7.3,62,356199,73.0
326,X-Men: Apocalypse,2016,7.0,52,353881,70.0
327,Passengers,2016,7.0,41,310102,70.0
328,10 Cloverfield Lane,2016,7.2,76,259745,72.0
329,The Jungle Book,2016,7.4,77,240402,74.0
330,The Nice Guys,2016,7.4,70,239567,74.0
331,The Accountant,2016,7.3,51,232488,73.0
332,Moonlight,2016,7.4,99,227014,74.0
333,Warcraft: The Beginning,2016,6.9,32,225162,69.0
334,Moana,2016,7.6,81,223313,76.0
335,Now You See Me 2,2016,6.5,46,215503,65.0
336,Manchester by the Sea,2016,7.8,96,213965,78.0
337,Finding Dory,2016,7.3,77,212883,73.0
338,Star Trek Beyond,2016,7.1,68,209375,71.0
339,Nocturnal Animals,2016,7.5,67,204616,75.0
340,Sully,2016,7.5,74,202012,75.0
341,The Conjuring 2,2016,7.4,65,193753,74.0
342,Jason Bourne,2016,6.6,58,190205,66.0
343,Ghostbusters,2016,5.2,60,186307,52.0
344,Don't Breathe,2016,7.1,71,186147,71.0
345,Lion,2016,8.1,69,181032,81.0
346,Hell or High Water,2016,7.6,88,175879,76.0
347,Me Before You,2016,7.4,51,173584,74.0
348,Hidden Figures,2016,7.8,74,170646,78.0
349,The Magnificent Seven,2016,6.9,54,168159,69.0
350,Assassin's Creed,2016,5.8,36,166684,58.0
351,The Promise,2016,6.1,49,164507,61.0
352,The Secret Life of Pets,2016,6.5,61,160938,65.0
353,Captain Fantastic,2016,7.9,72,158861,79.0
354,Sausage Party,2016,6.2,66,158756,62.0
355,Independence Day: Resurgence,2016,5.2,32,155028,52.0
356,War Dogs,2016,7.1,57,153602,71.0
357,The Girl on the Train,2016,6.5,48,150425,65.0
358,The Legend of Tarzan,2016,6.3,44,149795,63.0
359,Miss Peregrine's Home for Peculiar Children,2016,6.7,57,140298,67.0
360,Inferno,2016,6.2,42,138607,62.0
361,Deadpool,2016,8.0,65,818055,80.0
362,Captain America: Civil War,2016,7.8,75,580643,78.0
363,Batman v Superman: Dawn of Justice,2016,6.5,44,575684,65.0
364,Suicide Squad,2016,6.0,40,531325,60.0
365,Arrival,2016,7.9,81,513167,79.0
366,Doctor Strange,2016,7.5,72,511799,75.0
367,Rogue One: A Star Wars Story,2016,7.8,65,476979,78.0
368,La La Land,2016,8.0,93,433819,80.0
369,Zootopia,2016,8.0,78,382044,80.0
370,Hacksaw Ridge,2016,8.1,71,365404,81.0
371,Fantastic Beasts and Where to Find Them,2016,7.3,66,364238,73.0
372,Split,2016,7.3,62,356199,73.0
373,X-Men: Apocalypse,2016,7.0,52,353881,70.0
374,Passengers,2016,7.0,41,310102,70.0
375,10 Cloverfield Lane,2016,7.2,76,259745,72.0
376,The Jungle Book,2016,7.4,77,240402,74.0
377,The Nice Guys,2016,7.4,70,239567,74.0
378,The Accountant,2016,7.3,51,232488,73.0
379,Moonlight,2016,7.4,99,227014,74.0
380,Warcraft: The Beginning,2016,6.9,32,225162,69.0
381,Moana,2016,7.6,81,223313,76.0
382,Now You See Me 2,2016,6.5,46,215503,65.0
383,Manchester by the Sea,2016,7.8,96,213965,78.0
384,Finding Dory,2016,7.3,77,212883,73.0
385,Star Trek Beyond,2016,7.1,68,209375,71.0
386,Nocturnal Animals,2016,7.5,67,204616,75.0
387,Sully,2016,7.5,74,202012,75.0
388,The Conjuring 2,2016,7.4,65,193753,74.0
389,Jason Bourne,2016,6.6,58,190205,66.0
390,Ghostbusters,2016,5.2,60,186307,52.0
391,Don't Breathe,2016,7.1,71,186147,71.0
392,Lion,2016,8.1,69,181032,81.0
393,Hell or High Water,2016,7.6,88,175879,76.0
394,Me Before You,2016,7.4,51,173584,74.0
395,Hidden Figures,2016,7.8,74,170646,78.0
396,The Magnificent Seven,2016,6.9,54,168159,69.0
397,Assassin's Creed,2016,5.8,36,166684,58.0
398,The Promise,2016,6.1,49,164507,61.0
399,The Secret Life of Pets,2016,6.5,61,160938,65.0
400,Captain Fantastic,2016,7.9,72,158861,79.0
401,Sausage Party,2016,6.2,66,158756,62.0
402,Independence Day: Resurgence,2016,5.2,32,155028,52.0
403,War Dogs,2016,7.1,57,153602,71.0
404,The Girl on the Train,2016,6.5,48,150425,65.0
405,The Legend of Tarzan,2016,6.3,44,149795,63.0
406,Miss Peregrine's Home for Peculiar Children,2016,6.7,57,140298,67.0
407,Inferno,2016,6.2,42,138607,62.0
408,Deadpool,2016,8.0,65,818055,80.0
409,Captain America: Civil War,2016,7.8,75,580643,78.0
410,Batman v Superman: Dawn of Justice,2016,6.5,44,575684,65.0
411,Suicide Squad,2016,6.0,40,531325,60.0
412,Arrival,2016,7.9,81,513167,79.0
413,Doctor Strange,2016,7.5,72,511799,75.0
414,Rogue One: A Star Wars Story,2016,7.8,65,476979,78.0
415,La La Land,2016,8.0,93,433819,80.0
416,Zootopia,2016,8.0,78,382044,80.0
417,Hacksaw Ridge,2016,8.1,71,365404,81.0
418,Fantastic Beasts and Where to Find Them,2016,7.3,66,364238,73.0
419,Split,2016,7.3,62,356199,73.0
420,X-Men: Apocalypse,2016,7.0,52,353881,70.0
421,Passengers,2016,7.0,41,310102,70.0
422,10 Cloverfield Lane,2016,7.2,76,259745,72.0
423,The Jungle Book,2016,7.4,77,240402,74.0
424,The Nice Guys,2016,7.4,70,239567,74.0
425,The Accountant,2016,7.3,51,232488,73.0
426,Moonlight,2016,7.4,99,227014,74.0
427,Warcraft: The Beginning,2016,6.9,32,225162,69.0
428,Moana,2016,7.6,81,223313,76.0
429,Now You See Me 2,2016,6.5,46,215503,65.0
430,Manchester by the Sea,2016,7.8,96,213965,78.0
431,Finding Dory,2016,7.3,77,212883,73.0
432,Star Trek Beyond,2016,7.1,68,209375,71.0
433,Nocturnal Animals,2016,7.5,67,204616,75.0
434,Sully,2016,7.5,74,202012,75.0
435,The Conjuring 2,2016,7.4,65,193753,74.0
436,Jason Bourne,2016,6.6,58,190205,66.0
437,Ghostbusters,2016,5.2,60,186307,52.0
438,Don't Breathe,2016,7.1,71,186147,71.0
439,Lion,2016,8.1,69,181032,81.0
440,Hell or High Water,2016,7.6,88,175879,76.0
441,Me Before You,2016,7.4,51,173584,74.0
442,Hidden Figures,2016,7.8,74,170646,78.0
443,The Magnificent Seven,2016,6.9,54,168159,69.0
444,Assassin's Creed,2016,5.8,36,166684,58.0
445,The Promise,2016,6.1,49,164507,61.0
446,The Secret Life of Pets,2016,6.5,61,160938,65.0
447,Captain Fantastic,2016,7.9,72,158861,79.0
448,Sausage Party,2016,6.2,66,158756,62.0
449,Independence Day: Resurgence,2016,5.2,32,155028,52.0
450,War Dogs,2016,7.1,57,153602,71.0
451,The Girl on the Train,2016,6.5,48,150425,65.0
452,The Legend of Tarzan,2016,6.3,44,149795,63.0
453,Miss Peregrine's Home for Peculiar Children,2016,6.7,57,140298,67.0
454,Inferno,2016,6.2,42,138607,62.0
455,Logan,2017,8.1,77,556295,81.0
456,Wonder Woman,2017,7.5,76,485752,75.0
457,Guardians of the Galaxy Vol. 2,2017,7.7,67,479850,77.0
458,Thor: Ragnarok,2017,7.9,74,478701,79.0
459,Dunkirk,2017,7.9,94,464585,79.0
460,Star Wars: The Last Jedi,2017,7.2,85,461267,72.0
461,Spider-Man: Homecoming,2017,7.5,73,422746,75.0
462,Get Out,2017,7.7,84,397374,77.0
463,Blade Runner 2049,2017,8.0,81,374808,80.0
464,Baby Driver,2017,7.6,86,361242,76.0
465,It,2017,7.4,69,356704,74.0
466,"Three Billboards Outside Ebbing, Missouri",2017,8.2,88,341949,82.0
467,Justice League,2017,6.5,45,327835,65.0
468,The Shape of Water,2017,7.3,87,306456,73.0
469,John Wick: Chapter 2,2017,7.5,75,284038,75.0
470,Coco,2017,8.4,81,274721,84.0
471,Jumanji: Welcome to the Jungle,2017,7.0,58,241471,70.0
472,Beauty and the Beast,2017,7.2,65,237085,72.0
473,Kong: Skull Island,2017,6.6,62,235429,66.0
474,Kingsman: The Golden Circle,2017,6.8,44,229413,68.0
475,Pirates of the Caribbean: Dead Men Tell No Tales,2017,6.6,39,227652,66.0
476,Alien: Covenant,2017,6.4,65,226000,64.0
477,War for the Planet of the Apes,2017,7.5,82,200925,75.0
478,The Greatest Showman,2017,7.6,48,198816,76.0
479,Life,2017,6.6,54,182302,66.0
480,The Fate of the Furious,2017,6.7,56,179077,67.0
481,Murder on the Orient Express,2017,6.5,52,177954,65.0
482,Lady Bird,2017,7.4,94,176702,74.0
483,Ghost in the Shell,2017,6.4,52,176002,64.0
484,King Arthur: Legend of the Sword,2017,6.8,41,168403,68.0
485,Wind River,2017,7.7,73,168279,77.0
486,The Hitman's Bodyguard,2017,6.9,47,161075,69.0
487,Mother!,2017,6.6,75,155968,66.0
488,The Mummy,2017,5.5,34,153605,55.0
489,Call Me by Your Name,2017,7.9,93,152971,79.0
490,Atomic Blonde,2017,6.7,63,149704,67.0
491,Bright,2017,6.4,29,147393,64.0
492,"I, Tonya",2017,7.5,77,140687,75.0
493,Valerian and the City of a Thousand Planets,2017,6.5,51,139170,65.0
494,Baywatch,2017,5.6,37,136690,56.0
495,Darkest Hour,2017,7.4,75,135919,74.0
496,American Made,2017,7.2,65,130347,72.0
497,Transformers: The Last Knight,2017,5.2,27,118376,52.0
498,The Lego Batman Movie,2017,7.3,75,115998,73.0
499,The Disaster Artist,2017,7.4,76,111287,74.0
500,Logan,2017,8.1,77,556295,81.0
501,Wonder Woman,2017,7.5,76,485752,75.0
502,Guardians of the Galaxy Vol. 2,2017,7.7,67,479850,77.0
503,Thor: Ragnarok,2017,7.9,74,478701,79.0
504,Dunkirk,2017,7.9,94,464585,79.0
505,Star Wars: The Last Jedi,2017,7.2,85,461267,72.0
506,Spider-Man: Homecoming,2017,7.5,73,422746,75.0
507,Get Out,2017,7.7,84,397374,77.0
508,Blade Runner 2049,2017,8.0,81,374808,80.0
509,Baby Driver,2017,7.6,86,361242,76.0
510,It,2017,7.4,69,356704,74.0
511,"Three Billboards Outside Ebbing, Missouri",2017,8.2,88,341949,82.0
512,Justice League,2017,6.5,45,327835,65.0
513,The Shape of Water,2017,7.3,87,306456,73.0
514,John Wick: Chapter 2,2017,7.5,75,284038,75.0
515,Coco,2017,8.4,81,274721,84.0
516,Jumanji: Welcome to the Jungle,2017,7.0,58,241471,70.0
517,Beauty and the Beast,2017,7.2,65,237085,72.0
518,Kong: Skull Island,2017,6.6,62,235429,66.0
519,Kingsman: The Golden Circle,2017,6.8,44,229413,68.0
520,Pirates of the Caribbean: Dead Men Tell No Tales,2017,6.6,39,227652,66.0
521,Alien: Covenant,2017,6.4,65,226000,64.0
522,War for the Planet of the Apes,2017,7.5,82,200925,75.0
523,The Greatest Showman,2017,7.6,48,198816,76.0
524,Life,2017,6.6,54,182302,66.0
525,The Fate of the Furious,2017,6.7,56,179077,67.0
526,Murder on the Orient Express,2017,6.5,52,177954,65.0
527,Lady Bird,2017,7.4,94,176702,74.0
528,Ghost in the Shell,2017,6.4,52,176002,64.0
529,King Arthur: Legend of the Sword,2017,6.8,41,168403,68.0
530,Wind River,2017,7.7,73,168279,77.0
531,The Hitman's Bodyguard,2017,6.9,47,161075,69.0
532,Mother!,2017,6.6,75,155968,66.0
533,The Mummy,2017,5.5,34,153605,55.0
534,Call Me by Your Name,2017,7.9,93,152971,79.0
535,Atomic Blonde,2017,6.7,63,149704,67.0
536,Bright,2017,6.4,29,147393,64.0
537,"I, Tonya",2017,7.5,77,140687,75.0
538,Valerian and the City of a Thousand Planets,2017,6.5,51,139170,65.0
539,Baywatch,2017,5.6,37,136690,56.0
540,Darkest Hour,2017,7.4,75,135919,74.0
541,American Made,2017,7.2,65,130347,72.0
542,Transformers: The Last Knight,2017,5.2,27,118376,52.0
543,The Lego Batman Movie,2017,7.3,75,115998,73.0
544,The Disaster Artist,2017,7.4,76,111287,74.0
545,Logan,2017,8.1,77,556295,81.0
546,Wonder Woman,2017,7.5,76,485752,75.0
547,Guardians of the Galaxy Vol. 2,2017,7.7,67,479850,77.0
548,Thor: Ragnarok,2017,7.9,74,478701,79.0
549,Dunkirk,2017,7.9,94,464585,79.0
550,Star Wars: The Last Jedi,2017,7.2,85,461267,72.0
551,Spider-Man: Homecoming,2017,7.5,73,422746,75.0
552,Get Out,2017,7.7,84,397374,77.0
553,Blade Runner 2049,2017,8.0,81,374808,80.0
554,Baby Driver,2017,7.6,86,361242,76.0
555,It,2017,7.4,69,356704,74.0
556,"Three Billboards Outside Ebbing, Missouri",2017,8.2,88,341949,82.0
557,Justice League,2017,6.5,45,327835,65.0
558,The Shape of Water,2017,7.3,87,306456,73.0
559,John Wick: Chapter 2,2017,7.5,75,284038,75.0
560,Coco,2017,8.4,81,274721,84.0
561,Jumanji: Welcome to the Jungle,2017,7.0,58,241471,70.0
562,Beauty and the Beast,2017,7.2,65,237085,72.0
563,Kong: Skull Island,2017,6.6,62,235429,66.0
564,Kingsman: The Golden Circle,2017,6.8,44,229413,68.0
565,Pirates of the Caribbean: Dead Men Tell No Tales,2017,6.6,39,227652,66.0
566,Alien: Covenant,2017,6.4,65,226000,64.0
567,War for the Planet of the Apes,2017,7.5,82,200925,75.0
568,The Greatest Showman,2017,7.6,48,198816,76.0
569,Life,2017,6.6,54,182302,66.0
570,The Fate of the Furious,2017,6.7,56,179077,67.0
571,Murder on the Orient Express,2017,6.5,52,177954,65.0
572,Lady Bird,2017,7.4,94,176702,74.0
573,Ghost in the Shell,2017,6.4,52,176002,64.0
574,King Arthur: Legend of the Sword,2017,6.8,41,168403,68.0
575,Wind River,2017,7.7,73,168279,77.0
576,The Hitman's Bodyguard,2017,6.9,47,161075,69.0
577,Mother!,2017,6.6,75,155968,66.0
578,The Mummy,2017,5.5,34,153605,55.0
579,Call Me by Your Name,2017,7.9,93,152971,79.0
580,Atomic Blonde,2017,6.7,63,149704,67.0
581,Bright,2017,6.4,29,147393,64.0
582,"I, Tonya",2017,7.5,77,140687,75.0
583,Valerian and the City of a Thousand Planets,2017,6.5,51,139170,65.0
584,Baywatch,2017,5.6,37,136690,56.0
585,Darkest Hour,2017,7.4,75,135919,74.0
586,American Made,2017,7.2,65,130347,72.0
587,Transformers: The Last Knight,2017,5.2,27,118376,52.0
588,The Lego Batman Movie,2017,7.3,75,115998,73.0
589,The Disaster Artist,2017,7.4,76,111287,74.0
590,Logan,2017,8.1,77,556295,81.0
591,Wonder Woman,2017,7.5,76,485752,75.0
592,Guardians of the Galaxy Vol. 2,2017,7.7,67,479850,77.0
593,Thor: Ragnarok,2017,7.9,74,478701,79.0
594,Dunkirk,2017,7.9,94,464585,79.0
595,Star Wars: The Last Jedi,2017,7.2,85,461267,72.0
596,Spider-Man: Homecoming,2017,7.5,73,422746,75.0
597,Get Out,2017,7.7,84,397374,77.0
598,Blade Runner 2049,2017,8.0,81,374808,80.0
599,Baby Driver,2017,7.6,86,361242,76.0
600,It,2017,7.4,69,356704,74.0
601,"Three Billboards Outside Ebbing, Missouri",2017,8.2,88,341949,82.0
602,Justice League,2017,6.5,45,327835,65.0
603,The Shape of Water,2017,7.3,87,306456,73.0
604,John Wick: Chapter 2,2017,7.5,75,284038,75.0
605,Coco,2017,8.4,81,274721,84.0
606,Jumanji: Welcome to the Jungle,2017,7.0,58,241471,70.0
607,Beauty and the Beast,2017,7.2,65,237085,72.0
608,Kong: Skull Island,2017,6.6,62,235429,66.0
609,Kingsman: The Golden Circle,2017,6.8,44,229413,68.0
610,Pirates of the Caribbean: Dead Men Tell No Tales,2017,6.6,39,227652,66.0
611,Alien: Covenant,2017,6.4,65,226000,64.0
612,War for the Planet of the Apes,2017,7.5,82,200925,75.0
613,The Greatest Showman,2017,7.6,48,198816,76.0
614,Life,2017,6.6,54,182302,66.0
615,The Fate of the Furious,2017,6.7,56,179077,67.0
616,Murder on the Orient Express,2017,6.5,52,177954,65.0
617,Lady Bird,2017,7.4,94,176702,74.0
618,Ghost in the Shell,2017,6.4,52,176002,64.0
619,King Arthur: Legend of the Sword,2017,6.8,41,168403,68.0
620,Wind River,2017,7.7,73,168279,77.0
621,The Hitman's Bodyguard,2017,6.9,47,161075,69.0
622,Mother!,2017,6.6,75,155968,66.0
623,The Mummy,2017,5.5,34,153605,55.0
624,Call Me by Your Name,2017,7.9,93,152971,79.0
625,Atomic Blonde,2017,6.7,63,149704,67.0
626,Bright,2017,6.4,29,147393,64.0
627,"I, Tonya",2017,7.5,77,140687,75.0
628,Valerian and the City of a Thousand Planets,2017,6.5,51,139170,65.0
629,Baywatch,2017,5.6,37,136690,56.0
630,Darkest Hour,2017,7.4,75,135919,74.0
631,American Made,2017,7.2,65,130347,72.0
632,Transformers: The Last Knight,2017,5.2,27,118376,52.0
633,The Lego Batman Movie,2017,7.3,75,115998,73.0
634,The Disaster Artist,2017,7.4,76,111287,74.0
635,Logan,2017,8.1,77,556295,81.0
636,Wonder Woman,2017,7.5,76,485752,75.0
637,Guardians of the Galaxy Vol. 2,2017,7.7,67,479850,77.0
638,Thor: Ragnarok,2017,7.9,74,478701,79.0
639,Dunkirk,2017,7.9,94,464585,79.0
640,Star Wars: The Last Jedi,2017,7.2,85,461267,72.0
641,Spider-Man: Homecoming,2017,7.5,73,422746,75.0
642,Get Out,2017,7.7,84,397374,77.0
643,Blade Runner 2049,2017,8.0,81,374808,80.0
644,Baby Driver,2017,7.6,86,361242,76.0
645,It,2017,7.4,69,356704,74.0
646,"Three Billboards Outside Ebbing, Missouri",2017,8.2,88,341949,82.0
647,Justice League,2017,6.5,45,327835,65.0
648,The Shape of Water,2017,7.3,87,306456,73.0
649,John Wick: Chapter 2,2017,7.5,75,284038,75.0
650,Coco,2017,8.4,81,274721,84.0
651,Jumanji: Welcome to the Jungle,2017,7.0,58,241471,70.0
652,Beauty and the Beast,2017,7.2,65,237085,72.0
653,Kong: Skull Island,2017,6.6,62,235429,66.0
654,Kingsman: The Golden Circle,2017,6.8,44,229413,68.0
655,Pirates of the Caribbean: Dead Men Tell No Tales,2017,6.6,39,227652,66.0
656,Alien: Covenant,2017,6.4,65,226000,64.0
657,War for the Planet of the Apes,2017,7.5,82,200925,75.0
658,The Greatest Showman,2017,7.6,48,198816,76.0
659,Life,2017,6.6,54,182302,66.0
660,The Fate of the Furious,2017,6.7,56,179077,67.0
661,Murder on the Orient Express,2017,6.5,52,177954,65.0
662,Lady Bird,2017,7.4,94,176702,74.0
663,Ghost in the Shell,2017,6.4,52,176002,64.0
664,King Arthur: Legend of the Sword,2017,6.8,41,168403,68.0
665,Wind River,2017,7.7,73,168279,77.0
666,The Hitman's Bodyguard,2017,6.9,47,161075,69.0
667,Mother!,2017,6.6,75,155968,66.0
668,The Mummy,2017,5.5,34,153605,55.0
669,Call Me by Your Name,2017,7.9,93,152971,79.0
670,Atomic Blonde,2017,6.7,63,149704,67.0
671,Bright,2017,6.4,29,147393,64.0
672,"I, Tonya",2017,7.5,77,140687,75.0
673,Valerian and the City of a Thousand Planets,2017,6.5,51,139170,65.0
674,Baywatch,2017,5.6,37,136690,56.0
675,Darkest Hour,2017,7.4,75,135919,74.0
676,American Made,2017,7.2,65,130347,72.0
677,Transformers: The Last Knight,2017,5.2,27,118376,52.0
678,The Lego Batman Movie,2017,7.3,75,115998,73.0
679,The Disaster Artist,2017,7.4,76,111287,74.0
680,Avengers: Infinity War,2018,8.5,68,664066,85.0
681,Black Panther,2018,7.3,88,512523,73.0
682,Deadpool 2,2018,7.8,66,387904,78.0
683,Bohemian Rhapsody,2018,8.1,49,340237,81.0
684,A Quiet Place,2018,7.6,82,302512,76.0
685,Ready Player One,2018,7.5,64,299931,75.0
686,Venom,2018,6.7,35,272388,67.0
687,Aquaman,2018,7.1,55,257604,71.0
688,A Star Is Born,2018,7.8,88,245405,78.0
689,Ant-Man and the Wasp,2018,7.1,70,240960,71.0
690,Mission: Impossible - Fallout,2018,7.8,86,231615,78.0
691,Annihilation,2018,6.9,79,227197,69.0
692,Solo: A Star Wars Story,2018,7.0,62,224283,70.0
693,Jurassic World: Fallen Kingdom,2018,6.2,51,217570,62.0
694,Bird Box,2018,6.6,51,215684,66.0
695,Spider-Man: Into the Spider-Verse,2018,8.5,87,205114,85.0
696,Incredibles 2,2018,7.7,80,201638,77.0
697,Green Book,2018,8.3,69,199064,83.0
698,Tomb Raider,2018,6.3,48,162631,63.0
699,Game Night,2018,7.0,66,161979,70.0
700,Fantastic Beasts: The Crimes of Grindelwald,2018,6.6,52,161294,66.0
701,Hereditary,2018,7.3,87,149762,73.0
702,BlacKkKlansman,2018,7.5,83,146400,75.0
703,Ocean's Eight,2018,6.2,61,143395,62.0
704,Red Sparrow,2018,6.6,53,135912,66.0
705,First Man,2018,7.4,84,118571,74.0
706,Rampage,2018,6.1,45,115007,61.0
707,The Favourite,2018,7.6,90,113947,76.0
708,The Meg,2018,5.7,46,111775,57.0
709,Isle of Dogs,2018,7.9,82,107301,79.0
710,Roma,2018,7.8,96,105731,78.0
711,Upgrade,2018,7.6,67,103683,76.0
712,The Equalizer 2,2018,6.7,50,96748,67.0
713,Searching,2018,7.7,71,95393,77.0
714,Crazy Rich Asians,2018,7.0,74,94816,70.0
715,Sicario: Day of the Soldado,2018,7.1,61,94606,71.0
716,The Predator,2018,5.4,48,93654,54.0
717,Bumblebee,2018,6.9,66,91938,69.0
718,Maze Runner: The Death Cure,2018,6.2,50,90731,62.0
719,Pacific Rim: Uprising,2018,5.6,44,88818,56.0
720,The Nun,2018,5.4,46,88213,54.0
721,Halloween,2018,6.6,67,87008,66.0
722,The Ballad of Buster Scruggs,2018,7.3,79,86398,73.0
723,Ralph Breaks the Internet,2018,7.1,71,84059,71.0
724,Tag,2018,6.6,56,83714,66.0
725,Bad Times at the El Royale,2018,7.1,60,83414,71.0
726,The Cloverfield Paradox,2018,5.6,37,82837,56.0
727,Avengers: Infinity War,2018,8.5,68,664066,85.0
728,Black Panther,2018,7.3,88,512523,73.0
729,Deadpool 2,2018,7.8,66,387904,78.0
730,Bohemian Rhapsody,2018,8.1,49,340237,81.0
731,A Quiet Place,2018,7.6,82,302512,76.0
732,Ready Player One,2018,7.5,64,299931,75.0
733,Venom,2018,6.7,35,272388,67.0
734,Aquaman,2018,7.1,55,257604,71.0
735,A Star Is Born,2018,7.8,88,245405,78.0
736,Ant-Man and the Wasp,2018,7.1,70,240960,71.0
737,Mission: Impossible - Fallout,2018,7.8,86,231615,78.0
738,Annihilation,2018,6.9,79,227197,69.0
739,Solo: A Star Wars Story,2018,7.0,62,224283,70.0
740,Jurassic World: Fallen Kingdom,2018,6.2,51,217570,62.0
741,Bird Box,2018,6.6,51,215684,66.0
742,Spider-Man: Into the Spider-Verse,2018,8.5,87,205114,85.0
743,Incredibles 2,2018,7.7,80,201638,77.0
744,Green Book,2018,8.3,69,199064,83.0
745,Tomb Raider,2018,6.3,48,162631,63.0
746,Game Night,2018,7.0,66,161979,70.0
747,Fantastic Beasts: The Crimes of Grindelwald,2018,6.6,52,161294,66.0
748,Hereditary,2018,7.3,87,149762,73.0
749,BlacKkKlansman,2018,7.5,83,146400,75.0
750,Ocean's Eight,2018,6.2,61,143395,62.0
751,Red Sparrow,2018,6.6,53,135912,66.0
752,First Man,2018,7.4,84,118571,74.0
753,Rampage,2018,6.1,45,115007,61.0
754,The Favourite,2018,7.6,90,113947,76.0
755,The Meg,2018,5.7,46,111775,57.0
756,Isle of Dogs,2018,7.9,82,107301,79.0
757,Roma,2018,7.8,96,105731,78.0
758,Upgrade,2018,7.6,67,103683,76.0
759,The Equalizer 2,2018,6.7,50,96748,67.0
760,Searching,2018,7.7,71,95393,77.0
761,Crazy Rich Asians,2018,7.0,74,94816,70.0
762,Sicario: Day of the Soldado,2018,7.1,61,94606,71.0
763,The Predator,2018,5.4,48,93654,54.0
764,Bumblebee,2018,6.9,66,91938,69.0
765,Maze Runner: The Death Cure,2018,6.2,50,90731,62.0
766,Pacific Rim: Uprising,2018,5.6,44,88818,56.0
767,The Nun,2018,5.4,46,88213,54.0
768,Halloween,2018,6.6,67,87008,66.0
769,The Ballad of Buster Scruggs,2018,7.3,79,86398,73.0
770,Ralph Breaks the Internet,2018,7.1,71,84059,71.0
771,Tag,2018,6.6,56,83714,66.0
772,Bad Times at the El Royale,2018,7.1,60,83414,71.0
773,The Cloverfield Paradox,2018,5.6,37,82837,56.0
774,Avengers: Infinity War,2018,8.5,68,664066,85.0
775,Black Panther,2018,7.3,88,512523,73.0
776,Deadpool 2,2018,7.8,66,387904,78.0
777,Bohemian Rhapsody,2018,8.1,49,340237,81.0
778,A Quiet Place,2018,7.6,82,302512,76.0
779,Ready Player One,2018,7.5,64,299931,75.0
780,Venom,2018,6.7,35,272388,67.0
781,Aquaman,2018,7.1,55,257604,71.0
782,A Star Is Born,2018,7.8,88,245405,78.0
783,Ant-Man and the Wasp,2018,7.1,70,240960,71.0
784,Mission: Impossible - Fallout,2018,7.8,86,231615,78.0
785,Annihilation,2018,6.9,79,227197,69.0
786,Solo: A Star Wars Story,2018,7.0,62,224283,70.0
787,Jurassic World: Fallen Kingdom,2018,6.2,51,217570,62.0
788,Bird Box,2018,6.6,51,215684,66.0
789,Spider-Man: Into the Spider-Verse,2018,8.5,87,205114,85.0
790,Incredibles 2,2018,7.7,80,201638,77.0
791,Green Book,2018,8.3,69,199064,83.0
792,Tomb Raider,2018,6.3,48,162631,63.0
793,Game Night,2018,7.0,66,161979,70.0
794,Fantastic Beasts: The Crimes of Grindelwald,2018,6.6,52,161294,66.0
795,Hereditary,2018,7.3,87,149762,73.0
796,BlacKkKlansman,2018,7.5,83,146400,75.0
797,Ocean's Eight,2018,6.2,61,143395,62.0
798,Red Sparrow,2018,6.6,53,135912,66.0
799,First Man,2018,7.4,84,118571,74.0
800,Rampage,2018,6.1,45,115007,61.0
801,The Favourite,2018,7.6,90,113947,76.0
802,The Meg,2018,5.7,46,111775,57.0
803,Isle of Dogs,2018,7.9,82,107301,79.0
804,Roma,2018,7.8,96,105731,78.0
805,Upgrade,2018,7.6,67,103683,76.0
806,The Equalizer 2,2018,6.7,50,96748,67.0
807,Searching,2018,7.7,71,95393,77.0
808,Crazy Rich Asians,2018,7.0,74,94816,70.0
809,Sicario: Day of the Soldado,2018,7.1,61,94606,71.0
810,The Predator,2018,5.4,48,93654,54.0
811,Bumblebee,2018,6.9,66,91938,69.0
812,Maze Runner: The Death Cure,2018,6.2,50,90731,62.0
813,Pacific Rim: Uprising,2018,5.6,44,88818,56.0
814,The Nun,2018,5.4,46,88213,54.0
815,Halloween,2018,6.6,67,87008,66.0
816,The Ballad of Buster Scruggs,2018,7.3,79,86398,73.0
817,Ralph Breaks the Internet,2018,7.1,71,84059,71.0
818,Tag,2018,6.6,56,83714,66.0
819,Bad Times at the El Royale,2018,7.1,60,83414,71.0
820,The Cloverfield Paradox,2018,5.6,37,82837,56.0
821,Avengers: Infinity War,2018,8.5,68,664066,85.0
822,Black Panther,2018,7.3,88,512523,73.0
823,Deadpool 2,2018,7.8,66,387904,78.0
824,Bohemian Rhapsody,2018,8.1,49,340237,81.0
825,A Quiet Place,2018,7.6,82,302512,76.0
826,Ready Player One,2018,7.5,64,299931,75.0
827,Venom,2018,6.7,35,272388,67.0
828,Aquaman,2018,7.1,55,257604,71.0
829,A Star Is Born,2018,7.8,88,245405,78.0
830,Ant-Man and the Wasp,2018,7.1,70,240960,71.0
831,Mission: Impossible - Fallout,2018,7.8,86,231615,78.0
832,Annihilation,2018,6.9,79,227197,69.0
833,Solo: A Star Wars Story,2018,7.0,62,224283,70.0
834,Jurassic World: Fallen Kingdom,2018,6.2,51,217570,62.0
835,Bird Box,2018,6.6,51,215684,66.0
836,Spider-Man: Into the Spider-Verse,2018,8.5,87,205114,85.0
837,Incredibles 2,2018,7.7,80,201638,77.0
838,Green Book,2018,8.3,69,199064,83.0
839,Tomb Raider,2018,6.3,48,162631,63.0
840,Game Night,2018,7.0,66,161979,70.0
841,Fantastic Beasts: The Crimes of Grindelwald,2018,6.6,52,161294,66.0
842,Hereditary,2018,7.3,87,149762,73.0
843,BlacKkKlansman,2018,7.5,83,146400,75.0
844,Ocean's Eight,2018,6.2,61,143395,62.0
845,Red Sparrow,2018,6.6,53,135912,66.0
846,First Man,2018,7.4,84,118571,74.0
847,Rampage,2018,6.1,45,115007,61.0
848,The Favourite,2018,7.6,90,113947,76.0
849,The Meg,2018,5.7,46,111775,57.0
850,Isle of Dogs,2018,7.9,82,107301,79.0
851,Roma,2018,7.8,96,105731,78.0
852,Upgrade,2018,7.6,67,103683,76.0
853,The Equalizer 2,2018,6.7,50,96748,67.0
854,Searching,2018,7.7,71,95393,77.0
855,Crazy Rich Asians,2018,7.0,74,94816,70.0
856,Sicario: Day of the Soldado,2018,7.1,61,94606,71.0
857,The Predator,2018,5.4,48,93654,54.0
858,Bumblebee,2018,6.9,66,91938,69.0
859,Maze Runner: The Death Cure,2018,6.2,50,90731,62.0
860,Pacific Rim: Uprising,2018,5.6,44,88818,56.0
861,The Nun,2018,5.4,46,88213,54.0
862,Halloween,2018,6.6,67,87008,66.0
863,The Ballad of Buster Scruggs,2018,7.3,79,86398,73.0
864,Ralph Breaks the Internet,2018,7.1,71,84059,71.0
865,Tag,2018,6.6,56,83714,66.0
866,Bad Times at the El Royale,2018,7.1,60,83414,71.0
867,The Cloverfield Paradox,2018,5.6,37,82837,56.0
868,Avengers: Infinity War,2018,8.5,68,664066,85.0
869,Black Panther,2018,7.3,88,512523,73.0
870,Deadpool 2,2018,7.8,66,387904,78.0
871,Bohemian Rhapsody,2018,8.1,49,340237,81.0
872,A Quiet Place,2018,7.6,82,302512,76.0
873,Ready Player One,2018,7.5,64,299931,75.0
874,Venom,2018,6.7,35,272388,67.0
875,Aquaman,2018,7.1,55,257604,71.0
876,A Star Is Born,2018,7.8,88,245405,78.0
877,Ant-Man and the Wasp,2018,7.1,70,240960,71.0
878,Mission: Impossible - Fallout,2018,7.8,86,231615,78.0
879,Annihilation,2018,6.9,79,227197,69.0
880,Solo: A Star Wars Story,2018,7.0,62,224283,70.0
881,Jurassic World: Fallen Kingdom,2018,6.2,51,217570,62.0
882,Bird Box,2018,6.6,51,215684,66.0
883,Spider-Man: Into the Spider-Verse,2018,8.5,87,205114,85.0
884,Incredibles 2,2018,7.7,80,201638,77.0
885,Green Book,2018,8.3,69,199064,83.0
886,Tomb Raider,2018,6.3,48,162631,63.0
887,Game Night,2018,7.0,66,161979,70.0
888,Fantastic Beasts: The Crimes of Grindelwald,2018,6.6,52,161294,66.0
889,Hereditary,2018,7.3,87,149762,73.0
890,BlacKkKlansman,2018,7.5,83,146400,75.0
891,Ocean's Eight,2018,6.2,61,143395,62.0
892,Red Sparrow,2018,6.6,53,135912,66.0
893,First Man,2018,7.4,84,118571,74.0
894,Rampage,2018,6.1,45,115007,61.0
895,The Favourite,2018,7.6,90,113947,76.0
896,The Meg,2018,5.7,46,111775,57.0
897,Isle of Dogs,2018,7.9,82,107301,79.0
898,Roma,2018,7.8,96,105731,78.0
899,Upgrade,2018,7.6,67,103683,76.0
900,The Equalizer 2,2018,6.7,50,96748,67.0
901,Searching,2018,7.7,71,95393,77.0
902,Crazy Rich Asians,2018,7.0,74,94816,70.0
903,Sicario: Day of the Soldado,2018,7.1,61,94606,71.0
904,The Predator,2018,5.4,48,93654,54.0
905,Bumblebee,2018,6.9,66,91938,69.0
906,Maze Runner: The Death Cure,2018,6.2,50,90731,62.0
907,Pacific Rim: Uprising,2018,5.6,44,88818,56.0
908,The Nun,2018,5.4,46,88213,54.0
909,Halloween,2018,6.6,67,87008,66.0
910,The Ballad of Buster Scruggs,2018,7.3,79,86398,73.0
911,Ralph Breaks the Internet,2018,7.1,71,84059,71.0
912,Tag,2018,6.6,56,83714,66.0
913,Bad Times at the El Royale,2018,7.1,60,83414,71.0
914,The Cloverfield Paradox,2018,5.6,37,82837,56.0
